Name,Average
Harsh,91.0
Kushagra,51.666666666666664
Adit,58.333333333333336
