Name,Average
John,85.0
Alice,90.66666666666667
Bob,83.66666666666667
Eve,84.66666666666667
